<?xml version="1.0" encoding="UTF-8"?><TaskRepositories OutputVersion="2"><TaskRepository kind="bugzilla" url="https://bugs.eclipse.org/bugs" version="5.0.3" encoding="UTF-8" timezone="America/Mexico_City" org.eclipse.mylyn.tasklist.repositories.proxy.usedefault="true" org.eclipse.mylyn.tasklist.repositories.savePassword="true" org.eclipse.mylyn.tasklist.repositories.httpauth.savePassword="true" org.eclipse.mylyn.tasklist.repositories.proxy.savePassword="true" label="Eclipse.org" org.eclipse.mylyn.tasklist.repositories.enabled="false" org.eclipse.mylyn.tasklist.repositories.template="true" category="org.eclipse.mylyn.category.bugs" avatarSupport="true" template.value.prefix.useclassification="false" template.value.prefix.usetargetmilestone="true" template.value.prefix.useqacontact="true" template.value.prefix.usestatuswhiteboard="true" template.value.prefix.usebugaliases="false" template.value.prefix.use_see_also="true" template.value.prefix.useXMLRPC="false"><Property value="5.0.3" key="version"/><Property value="UTF-8" key="encoding"/><Property value="America/Mexico_City" key="timezone"/><Property value="true" key="org.eclipse.mylyn.tasklist.repositories.proxy.usedefault"/><Property value="true" key="org.eclipse.mylyn.tasklist.repositories.savePassword"/><Property value="true" key="org.eclipse.mylyn.tasklist.repositories.httpauth.savePassword"/><Property value="true" key="org.eclipse.mylyn.tasklist.repositories.proxy.savePassword"/><Property value="Eclipse.org" key="label"/><Property value="false" key="org.eclipse.mylyn.tasklist.repositories.enabled"/><Property value="true" key="org.eclipse.mylyn.tasklist.repositories.template"/><Property value="org.eclipse.mylyn.category.bugs" key="category"/><Property value="true" key="avatarSupport"/><Property value="false" key="template.value.prefix.useclassification"/><Property value="true" key="template.value.prefix.usetargetmilestone"/><Property value="true" key="template.value.prefix.useqacontact"/><Property value="true" key="template.value.prefix.usestatuswhiteboard"/><Property value="false" key="template.value.prefix.usebugaliases"/><Property value="true" key="template.value.prefix.use_see_also"/><Property value="false" key="template.value.prefix.useXMLRPC"/></TaskRepository><TaskRepository kind="local" url="local" version="1" encoding="UTF-8" timezone="America/Mexico_City" org.eclipse.mylyn.tasklist.repositories.proxy.usedefault="true" org.eclipse.mylyn.tasklist.repositories.savePassword="true" org.eclipse.mylyn.tasklist.repositories.httpauth.savePassword="true" org.eclipse.mylyn.tasklist.repositories.proxy.savePassword="true" label="Local" category="org.eclipse.mylyn.category.tasks"><Property value="1" key="version"/><Property value="UTF-8" key="encoding"/><Property value="America/Mexico_City" key="timezone"/><Property value="true" key="org.eclipse.mylyn.tasklist.repositories.proxy.usedefault"/><Property value="true" key="org.eclipse.mylyn.tasklist.repositories.savePassword"/><Property value="true" key="org.eclipse.mylyn.tasklist.repositories.httpauth.savePassword"/><Property value="true" key="org.eclipse.mylyn.tasklist.repositories.proxy.savePassword"/><Property value="Local" key="label"/><Property value="org.eclipse.mylyn.category.tasks" key="category"/></TaskRepository></TaskRepositories>